description,endDate,name,startDate
"A cohort focused on building intelligent systems using machine learning, neural networks, and data-driven algorithms. Students learn Python, deep learning frameworks, model training, and AI deployment strategies.",2024-12-20,Artificial Intelligence,2023-01-10
"A cohort dedicated to analyzing and interpreting large datasets to support business and research decisions. Students study statistics, visualization, SQL, and predictive analytics using modern data tools.",2023-11-15,Data Analytics,2022-02-01
"A cohort focused on designing user-friendly digital experiences. Students learn UX research, wireframing, prototyping, accessibility standards, and interface design principles.",2025-08-30,UX/UI Design,2024-01-15
"A practical cohort centered on mobile application development for Android and iOS platforms. Students build native and cross-platform apps using Kotlin, Swift, and Flutter.",2025-10-01,Mobile Development,2024-03-20
"A cohort focused on developing dynamic web applications using frontend and backend technologies. Students learn JavaScript, React, APIs, databases, and responsive design.",2024-09-15,Web Development,2023-04-01
"A specialized cohort dedicated to backend systems and API development. Students explore server-side frameworks, databases, authentication, and microservice architecture.",2026-02-01,Backend Engineering,2025-01-10
"A cohort introducing modern frontend frameworks and interactive UI development. Students work with React, Vue, TypeScript, and state management libraries.",2025-05-20,Frontend Engineering,2024-02-14
"A cohort focused on data engineering pipelines and big data processing. Students learn ETL workflows, distributed systems, Apache Spark, and cloud data warehousing.",2027-03-01,Data Engineering,2026-01-05
"A cohort designed around blockchain technology and decentralized applications. Students explore smart contracts, cryptographic systems, and Web3 architecture.",2026-11-30,Blockchain Development,2025-04-18
"A cohort introducing embedded systems and Internet of Things development. Students build hardware-integrated applications using sensors, microcontrollers, and cloud connectivity.",2025-12-12,IoT Engineering,2024-06-11
"A cohort focused on game design and interactive entertainment software. Students learn game engines, physics simulation, graphics programming, and multiplayer systems.",2026-09-09,Game Development,2025-02-22
"A cohort centered on enterprise application development using Java and Spring technologies. Students build scalable business applications and RESTful services.",2025-06-30,Java Enterprise Development,2024-01-08
"A cohort focused on Python programming for automation, scripting, and backend services. Students develop practical solutions for real-world software challenges.",2024-08-01,Python Development,2023-02-11
"A cohort dedicated to database administration and optimization. Students learn relational databases, query tuning, indexing, and backup strategies.",2026-01-15,Database Administration,2025-03-01
"A cohort focused on software quality assurance and automated testing. Students learn unit testing, integration testing, Selenium, and test-driven development.",2025-11-10,QA Engineering,2024-05-19
"A cohort introducing system administration and Linux server management. Students configure networks, automate maintenance tasks, and manage enterprise infrastructure.",2025-07-07,System Administration,2024-02-09
"A cohort centered on digital product management and agile workflows. Students learn Scrum, stakeholder communication, roadmap planning, and product strategy.",2026-04-25,Product Management,2025-01-14
"A cohort focused on networking fundamentals and infrastructure management. Students study routing, switching, firewalls, and enterprise networking protocols.",2024-10-10,Network Engineering,2023-03-03
"A cohort introducing augmented and virtual reality development. Students build immersive experiences using Unity, 3D modeling, and XR interaction systems.",2027-06-06,AR/VR Development,2026-02-16
"A cohort focused on software architecture and scalable system design. Students explore distributed systems, event-driven design, caching, and reliability engineering.",2026-08-18,System Architecture,2025-03-27