image_id,imagePath
1,31.jpg
2,2.jpg
3,3.JPG
4,4.jpg
5,5.jpg
6,6.jpg
7,7.jpg
8,8.jpg
9,9.jpg
10,31.jpg
11,16.jpg
12,17.jpg
13,18.jpg
14,19.jpg
15,20.jpg
16,21.jpg
17,22.jpg
18,23.jpg
19,24.jpg
20,25.jpg
21,26.jpg
22,27.jpg
23,28.jpg
24,29.jpg
25,30.jpg
26,31.jpg
27,32.jpg
28,33.jpg
29,34.jpg
30,35.jpg
31,36.jpg
32,37.jpg
33,38.jpg
34,39.jpg
35,40.jpg
36,41.jpg
61,11.jpg
62,12.jpg
63,13.jpg
64,14.jpg
65,15.jpg
66,42.jpg
67,43.jpg
68,44.jpg
69,45.jpg
70,31.jpg
71,16.jpg
72,17.jpg
73,18.jpg
74,19.jpg
75,20.jpg
76,21.jpg
77,22.jpg
78,23.jpg
79,24.jpg
80,25.jpg
81,26.jpg
82,27.jpg
83,28.jpg
84,29.jpg
85,30.jpg
86,31.jpg
99,45.jpg
90,31.jpg
91,16.jpg
92,17.jpg
93,18.jpg
94,19.jpg
95,20.jpg
96,21.jpg
97,22.jpg
98,23.jpg
109,24.jpg
100,25.jpg
101,26.jpg
102,27.jpg
103,28.jpg
104,29.jpg
